Reviewed	Classification	RepeatsDB ID	Type	start	end
RepeatsDB-lite 2.0 manually annotated	2.2.0.0	1avyA	unit	421	431
RepeatsDB-lite 2.0 manually annotated	2.2.0.0	1avyA	unit	432	443
RepeatsDB-lite 2.0 manually annotated	2.2.0.0	1avyA	unit	444	456
RepeatsDB-lite 2.0 manually annotated	2.2.0.0	1avyC	unit	444	456
RepeatsDB-lite 2.0 manually annotated	2.2.0.0	1avyC	unit	421	431
RepeatsDB-lite 2.0 manually annotated	2.2.0.0	1avyC	unit	432	443
Reviewed	2.2.0.0	1lwuC	unit	87	99
Reviewed	2.2.0.0	1lwuC	unit	118	135
Reviewed	2.2.0.0	1lwuC	unit	100	117
Reviewed	2.2.0.0	1lwuF	unit	83	100
Reviewed	2.2.0.0	1lwuF	unit	101	117
Reviewed	2.2.0.0	1lwuF	unit	118	135
Reviewed	2.2.0.0	1lwuI	unit	85	103
Reviewed	2.2.0.0	1lwuI	unit	104	116
Reviewed	2.2.0.0	1lwuI	unit	117	135
Reviewed	2.2.0.0	1lwuL	unit	117	135
Reviewed	2.2.0.0	1lwuL	unit	85	103
Reviewed	2.2.0.0	1lwuL	unit	104	116
Reviewed	2.2.0.0	1n73C	unit	101	117
Reviewed	2.2.0.0	1n73C	unit	84	100
Reviewed	2.2.0.0	1n73C	unit	118	135
Reviewed	2.2.0.0	1n73F	unit	101	117
Reviewed	2.2.0.0	1n73F	unit	84	100
Reviewed	2.2.0.0	1n73F	unit	118	135
Reviewed	2.2.0.0	2e7sK	unit	118	144
Reviewed	2.2.0.0	2e7sK	unit	46	72
Reviewed	2.2.0.0	2e7sK	unit	73	104
Reviewed	2.2.0.0	2e7sK	unit	105	117
Reviewed	2.2.0.0	2e7sK	unit	31	45
Reviewed	2.2.0.0	2e7sL	unit	31	48
Reviewed	2.2.0.0	2e7sL	unit	101	122
Reviewed	2.2.0.0	2e7sL	unit	123	143
Reviewed	2.2.0.0	2e7sL	insertion	89	100
Reviewed	2.2.0.0	2e7sL	unit	49	70
Reviewed	2.2.0.0	2e7sL	unit	71	100
Reviewed	2.2.0.0	2e7sM	unit	32	61
Reviewed	2.2.0.0	2e7sM	unit	62	82
Reviewed	2.2.0.0	2e7sM	unit	83	96
Reviewed	2.2.0.0	2e7sM	unit	97	122
Reviewed	2.2.0.0	2e7sM	unit	123	143
Reviewed	2.2.0.0	2e7sN	unit	39	60
Reviewed	2.2.0.0	2e7sN	unit	61	90
Reviewed	2.2.0.0	2e7sN	unit	91	118
Reviewed	2.2.0.0	2e7sN	insertion	80	90
Reviewed	2.2.0.0	2e7sN	unit	119	140
Reviewed	2.2.0.0	2e7sO	unit	120	138
Reviewed	2.2.0.0	2e7sO	unit	139	154
Reviewed	2.2.0.0	2e7sO	unit	99	119
Reviewed	2.2.0.0	2e7sO	unit	61	79
Reviewed	2.2.0.0	2e7sO	unit	35	60
Reviewed	2.2.0.0	2e7sO	unit	80	98
Reviewed	2.2.0.0	2e7sS	unit	46	66
Reviewed	2.2.0.0	2e7sS	unit	31	45
Reviewed	2.2.0.0	2e7sS	unit	87	102
Reviewed	2.2.0.0	2e7sS	unit	67	86
Reviewed	2.2.0.0	2e7sS	unit	124	147
Reviewed	2.2.0.0	2e7sS	unit	103	123
Reviewed	2.2.0.0	2ocyA	unit	37	56
Reviewed	2.2.0.0	2ocyA	unit	16	36
Reviewed	2.2.0.0	2ocyA	unit	77	95
Reviewed	2.2.0.0	2ocyA	unit	117	137
Reviewed	2.2.0.0	2ocyA	unit	57	76
Reviewed	2.2.0.0	2ocyA	unit	96	116
Reviewed	2.2.0.0	2ocyA	unit	138	157
Reviewed	2.2.0.0	2ocyB	unit	37	56
Reviewed	2.2.0.0	2ocyB	unit	16	36
Reviewed	2.2.0.0	2ocyB	unit	57	76
Reviewed	2.2.0.0	2ocyB	unit	96	116
Reviewed	2.2.0.0	2ocyB	unit	77	95
Reviewed	2.2.0.0	2ocyB	unit	138	157
Reviewed	2.2.0.0	2ocyB	unit	117	137
Reviewed	3.1.0.0	2xqhA	unit	161	175
Reviewed	3.1.0.0	2xqhA	unit	234	249
Reviewed	3.1.0.0	2xqhA	unit	176	189
Reviewed	2.2.0.0	2xqhA	unit	373	392
Reviewed	3.1.0.0	2xqhA	unit	264	276
Reviewed	3.1.0.0	2xqhA	unit	204	217
Reviewed	2.2.0.0	2xqhA	unit	305	326
Reviewed	3.1.0.0	2xqhA	unit	250	263
Reviewed	3.1.0.0	2xqhA	unit	218	233
Reviewed	3.1.0.0	2xqhA	unit	190	203
Reviewed	2.2.0.0	2xqhA	unit	393	416
Reviewed	2.2.0.0	2xqhA	insertion	351	372
Reviewed	2.2.0.0	2xqhA	unit	327	350
RepeatsDB-lite 2.0 UniProt map unreviewed	2.2.0.0	2xzrA	unit	398	418
RepeatsDB-lite 2.0 UniProt map unreviewed	2.2.0.0	2xzrA	unit	379	397
RepeatsDB-lite 2.0 UniProt map unreviewed	2.2.0.0	2xzrA	unit	419	440
RepeatsDB-lite 2.0 UniProt map unreviewed	2.2.0.0	2xzrA	unit	441	460
RepeatsDB-lite 2.0 UniProt map unreviewed	2.2.0.0	2xzrA	unit	363	378
RepeatsDB-lite 2.0 UniProt map reviewed	2.2.0.0	3lt6A	unit	-6	8
RepeatsDB-lite 2.0 UniProt map reviewed	2.2.0.0	3lt6A	unit	26	44
RepeatsDB-lite 2.0 UniProt map reviewed	2.2.0.0	3lt6A	unit	9	25
RepeatsDB-lite 2.0 UniProt map reviewed	2.2.0.0	3lt6B	unit	-1	15
RepeatsDB-lite 2.0 UniProt map reviewed	2.2.0.0	3lt6B	unit	35	50
RepeatsDB-lite 2.0 UniProt map reviewed	2.2.0.0	3lt6B	unit	16	34
RepeatsDB-lite 2.0 UniProt map reviewed	2.2.0.0	3lt6E	unit	27	47
RepeatsDB-lite 2.0 UniProt map reviewed	2.2.0.0	3lt6E	unit	8	26
RepeatsDB-lite 2.0 UniProt map reviewed	2.2.0.0	3lt6E	unit	-7	7
RepeatsDB-lite 2.0 UniProt map reviewed	2.2.0.0	3lt6F	unit	9	26
RepeatsDB-lite 2.0 UniProt map reviewed	2.2.0.0	3lt6F	unit	-6	8
RepeatsDB-lite 2.0 UniProt map reviewed	2.2.0.0	3lt6F	unit	27	47
RepeatsDB-lite 2.0 UniProt map reviewed	2.2.0.0	3lt7B	unit	14	32
RepeatsDB-lite 2.0 UniProt map reviewed	2.2.0.0	3lt7B	unit	33	50
RepeatsDB-lite 2.0 UniProt map reviewed	2.2.0.0	3lt7B	unit	-1	13
RepeatsDB-lite 2.0 UniProt map reviewed	2.2.0.0	3lt7D	unit	-1	13
RepeatsDB-lite 2.0 UniProt map reviewed	2.2.0.0	3lt7D	unit	30	45
RepeatsDB-lite 2.0 UniProt map reviewed	2.2.0.0	3lt7D	unit	14	29
RepeatsDB-lite 2.0 UniProt map reviewed	2.2.0.0	3lt7E	unit	18	37
RepeatsDB-lite 2.0 UniProt map reviewed	2.2.0.0	3lt7E	unit	-1	17
RepeatsDB-lite 2.0 UniProt map reviewed	2.2.0.0	3lt7E	unit	38	53
RepeatsDB-lite 2.0 UniProt map reviewed	4.1.0.0	3ojaA	unit	34	56
RepeatsDB-lite 2.0 UniProt map reviewed	4.1.0.0	3ojaA	insertion	107	168
RepeatsDB-lite 2.0 UniProt map reviewed	4.1.0.0	3ojaA	unit	107	321
RepeatsDB-lite 2.0 UniProt map reviewed	4.1.0.0	3ojaA	insertion	57	71
RepeatsDB-lite 2.0 UniProt map reviewed	4.1.0.0	3ojaA	unit	57	82
RepeatsDB-lite 2.0 UniProt map reviewed	4.1.0.0	3ojaA	insertion	175	193
RepeatsDB-lite 2.0 UniProt map reviewed	4.1.0.0	3ojaA	insertion	207	217
RepeatsDB-lite 2.0 UniProt map reviewed	4.1.0.0	3ojaA	unit	83	106
RepeatsDB-lite 2.0 UniProt map reviewed	4.1.0.0	3ojaA	insertion	226	256
RepeatsDB-lite 2.0 UniProt map reviewed	2.2.0.0	3ojaA	unit	472	491
RepeatsDB-lite 2.0 UniProt map reviewed	2.2.0.0	3ojaA	unit	429	450
RepeatsDB-lite 2.0 UniProt map reviewed	2.2.0.0	3ojaA	unit	451	471
RepeatsDB-lite 2.0 UniProt map reviewed	2.2.0.0	3ojaA	unit	397	416
RepeatsDB-lite 2.0 UniProt map reviewed	2.2.0.0	3ojaA	unit	492	509
RepeatsDB-lite 2.0 UniProt map reviewed	2.2.0.0	3ojaA	unit	374	396
RepeatsDB-lite 2.0 UniProt map reviewed	2.2.0.0	3ojaA	insertion	417	428
Reviewed	2.2.0.0	3vp8A	unit	28	53
Reviewed	2.2.0.0	3vp8A	unit	4	27
Reviewed	2.2.0.0	3vp8A	unit	54	78
Reviewed	2.2.0.0	3vp8B	unit	54	81
Reviewed	2.2.0.0	3vp8B	unit	31	53
Reviewed	2.2.0.0	3vp8B	unit	3	30
Reviewed	2.2.0.0	3vp8C	unit	4	28
Reviewed	2.2.0.0	3vp8C	unit	55	80
Reviewed	2.2.0.0	3vp8C	unit	29	54
Reviewed	2.2.0.0	3wprA	unit	3158	3173
Reviewed	3.4.0.0	3wprA	unit	3266	3278
Reviewed	3.4.0.0	3wprA	unit	3293	3306
Reviewed	2.2.0.0	3wprA	unit	3143	3157
Reviewed	3.4.0.0	3wprA	unit	3279	3292
Reviewed	2.2.0.0	3wprA	unit	3174	3187
Reviewed	2.2.0.0	3wprB	unit	3146	3160
Reviewed	2.2.0.0	3wprB	unit	3161	3173
Reviewed	3.4.0.0	3wprB	unit	3279	3292
Reviewed	3.4.0.0	3wprB	unit	3293	3306
Reviewed	3.4.0.0	3wprB	unit	3267	3278
Reviewed	2.2.0.0	3wprB	unit	3174	3187
Reviewed	2.2.0.0	3wprC	unit	3158	3173
Reviewed	2.2.0.0	3wprC	unit	3174	3187
Reviewed	2.2.0.0	3wprC	unit	3143	3157
Reviewed	3.4.0.0	3wprC	unit	3266	3278
Reviewed	3.4.0.0	3wprC	unit	3293	3306
Reviewed	3.4.0.0	3wprC	unit	3279	3292
Reviewed	2.1.0.0	4gyxA	unit	1	4
Reviewed	2.1.0.0	4gyxA	unit	5	7
Reviewed	2.1.0.0	4gyxA	unit	8	10
Reviewed	2.1.0.0	4gyxA	unit	26	28
Reviewed	2.1.0.0	4gyxA	unit	14	16
Reviewed	2.1.0.0	4gyxA	unit	17	19
Reviewed	2.1.0.0	4gyxA	unit	23	25
Reviewed	2.1.0.0	4gyxA	unit	20	22
Reviewed	2.1.0.0	4gyxA	unit	11	13
Reviewed	2.1.0.0	4gyxB	unit	5	7
Reviewed	2.1.0.0	4gyxB	unit	1	4
Reviewed	2.1.0.0	4gyxB	unit	11	13
Reviewed	2.1.0.0	4gyxB	unit	20	22
Reviewed	2.1.0.0	4gyxB	unit	8	10
Reviewed	2.1.0.0	4gyxB	unit	26	28
Reviewed	2.1.0.0	4gyxB	unit	14	16
Reviewed	2.1.0.0	4gyxB	unit	17	19
Reviewed	2.1.0.0	4gyxB	unit	23	25
Reviewed	2.1.0.0	4gyxC	unit	1	4
Reviewed	2.1.0.0	4gyxC	unit	8	10
Reviewed	2.1.0.0	4gyxC	unit	5	7
Reviewed	2.1.0.0	4gyxC	unit	17	19
Reviewed	2.1.0.0	4gyxC	unit	23	26
Reviewed	2.1.0.0	4gyxC	unit	14	16
Reviewed	2.1.0.0	4gyxC	unit	11	13
Reviewed	2.1.0.0	4gyxC	unit	20	22
Reviewed	2.2.0.0	4x1yE	unit	59	73
Reviewed	2.2.0.0	4x1yE	unit	46	58
Reviewed	2.2.0.0	4x1yE	unit	74	89
Reviewed	2.2.0.0	4x1yE	unit	90	105
Reviewed	2.2.0.0	4x1yE	unit	123	139
Reviewed	2.2.0.0	4x1yE	unit	106	122
Reviewed	2.2.0.0	4x20E	unit	123	139
Reviewed	2.2.0.0	4x20E	unit	74	89
Reviewed	2.2.0.0	4x20E	unit	90	105
Reviewed	2.2.0.0	4x20E	unit	46	58
Reviewed	2.2.0.0	4x20E	unit	106	122
Reviewed	2.2.0.0	4x20E	unit	59	73
Reviewed	2.2.0.0	4yj2E	unit	46	58
Reviewed	2.2.0.0	4yj2E	unit	123	139
Reviewed	2.2.0.0	4yj2E	unit	90	105
Reviewed	2.2.0.0	4yj2E	unit	74	89
Reviewed	2.2.0.0	4yj2E	unit	106	122
Reviewed	2.2.0.0	4yj2E	unit	59	73
Reviewed	2.2.0.0	4yj3E	unit	90	105
Reviewed	2.2.0.0	4yj3E	unit	59	73
Reviewed	2.2.0.0	4yj3E	unit	46	58
Reviewed	2.2.0.0	4yj3E	unit	106	122
Reviewed	2.2.0.0	4yj3E	unit	123	139
Reviewed	2.2.0.0	4yj3E	unit	74	89
Reviewed	2.2.0.0	5lj5t	unit	123	143
Reviewed	4.4.0.0	5lj5t	unit	245	287
Reviewed	4.4.0.0	5lj5t	unit	189	244
Reviewed	4.4.0.0	5lj5t	unit	288	332
Reviewed	4.4.0.0	5lj5t	unit	333	375
Reviewed	2.2.0.0	5lj5t	unit	101	122
Reviewed	4.4.0.0	5lj5t	unit	376	424
Reviewed	4.4.0.0	5lj5t	unit	425	472
Reviewed	2.2.0.0	5lj5t	unit	79	100
RepeatsDB-lite 2.0 manually annotated	2.2.0.0	5lj5u	unit	76	96
RepeatsDB-lite 2.0 manually annotated	2.2.0.0	5lj5u	unit	97	116
RepeatsDB-lite 2.0 manually annotated	2.2.0.0	5lj5u	unit	117	139
RepeatsDB-lite 2.0 manually annotated	4.4.0.0	5lj5u	unit	333	375
RepeatsDB-lite 2.0 manually annotated	4.4.0.0	5lj5u	unit	245	287
RepeatsDB-lite 2.0 manually annotated	4.4.0.0	5lj5u	unit	425	472
RepeatsDB-lite 2.0 manually annotated	4.4.0.0	5lj5u	unit	189	244
RepeatsDB-lite 2.0 manually annotated	4.4.0.0	5lj5u	unit	376	424
RepeatsDB-lite 2.0 manually annotated	4.4.0.0	5lj5u	unit	288	332
Reviewed	2.2.0.0	5lj5v	unit	76	97
Reviewed	2.2.0.0	5lj5v	unit	122	142
Reviewed	4.4.0.0	5lj5v	unit	245	286
Reviewed	4.4.0.0	5lj5v	unit	329	375
Reviewed	2.2.0.0	5lj5v	unit	98	121
Reviewed	4.4.0.0	5lj5v	unit	188	244
Reviewed	4.4.0.0	5lj5v	unit	425	472
Reviewed	4.4.0.0	5lj5v	unit	376	424
Reviewed	4.4.0.0	5lj5v	unit	287	328
Reviewed	4.4.0.0	5lj5w	unit	245	287
Reviewed	2.2.0.0	5lj5w	unit	78	97
Reviewed	4.4.0.0	5lj5w	unit	333	375
Reviewed	2.2.0.0	5lj5w	unit	98	118
Reviewed	2.2.0.0	5lj5w	unit	119	138
Reviewed	4.4.0.0	5lj5w	unit	376	424
Reviewed	4.4.0.0	5lj5w	unit	288	332
Reviewed	4.4.0.0	5lj5w	unit	425	472
Reviewed	4.4.0.0	5lj5w	unit	189	244
Reviewed	2.2.0.0	5mc9C	unit	1567	1580
Reviewed	2.2.0.0	5mc9C	unit	1553	1566
Reviewed	2.2.0.0	5mc9C	unit	1581	1594
Reviewed	2.2.0.0	5mqfG	unit	91	109
Reviewed	2.2.0.0	5mqfG	unit	70	90
Reviewed	2.2.0.0	5mqfG	unit	110	133
Reviewed	2.2.0.0	5yfpH	unit	195	221
Reviewed	3.3.0.0	5yfpH	unit	528	569
Reviewed	2.2.0.0	5yfpH	unit	222	249
Reviewed	2.2.0.0	5yfpH	unit	250	275
Reviewed	3.3.0.0	5yfpH	unit	716	749
Reviewed	3.3.0.0	5yfpH	insertion	570	604
Reviewed	3.3.0.0	5yfpH	unit	646	715
Reviewed	3.3.0.0	5yfpH	unit	605	645
RepeatsDB-lite 2.0 UniProt map reviewed	2.2.0.0	6bk8u	unit	99	117
RepeatsDB-lite 2.0 UniProt map reviewed	2.2.0.0	6bk8u	unit	118	139
RepeatsDB-lite 2.0 UniProt map reviewed	2.2.0.0	6bk8u	unit	77	98
RepeatsDB-lite 2.0 UniProt map reviewed	4.4.0.0	6bk8u	unit	189	244
RepeatsDB-lite 2.0 UniProt map reviewed	4.4.0.0	6bk8u	unit	425	472
RepeatsDB-lite 2.0 UniProt map reviewed	4.4.0.0	6bk8u	unit	376	424
RepeatsDB-lite 2.0 UniProt map reviewed	4.4.0.0	6bk8u	unit	245	287
RepeatsDB-lite 2.0 UniProt map reviewed	4.4.0.0	6bk8u	unit	333	375
RepeatsDB-lite 2.0 UniProt map reviewed	4.4.0.0	6bk8u	unit	288	332
RepeatsDB-lite 2.0 UniProt map reviewed	2.2.0.0	6bk8v	unit	99	117
RepeatsDB-lite 2.0 UniProt map reviewed	2.2.0.0	6bk8v	unit	77	98
RepeatsDB-lite 2.0 UniProt map reviewed	2.2.0.0	6bk8v	unit	118	139
RepeatsDB-lite 2.0 UniProt map reviewed	2.2.0.0	6bk8w	unit	120	140
RepeatsDB-lite 2.0 UniProt map reviewed	2.2.0.0	6bk8w	unit	78	99
RepeatsDB-lite 2.0 UniProt map reviewed	2.2.0.0	6bk8w	unit	100	119
RepeatsDB-lite 2.0 UniProt map reviewed	4.4.0.0	6bk8w	unit	245	287
RepeatsDB-lite 2.0 UniProt map reviewed	4.4.0.0	6bk8w	unit	425	472
RepeatsDB-lite 2.0 UniProt map reviewed	4.4.0.0	6bk8w	unit	189	244
RepeatsDB-lite 2.0 UniProt map reviewed	4.4.0.0	6bk8w	unit	333	375
RepeatsDB-lite 2.0 UniProt map reviewed	4.4.0.0	6bk8w	unit	288	332
RepeatsDB-lite 2.0 UniProt map reviewed	4.4.0.0	6bk8w	unit	376	424
Reviewed	2.2.0.0	6bl7B	unit	724	741
Reviewed	2.2.0.0	6bl7B	unit	659	675
Reviewed	2.2.0.0	6bl7B	unit	694	706
Reviewed	2.2.0.0	6bl7B	unit	677	693
Reviewed	2.2.0.0	6bl7B	unit	707	723
RepeatsDB-lite 2.0 UniProt map reviewed	5.2.2.1	6bp7A	unit	53	111
RepeatsDB-lite 2.0 UniProt map reviewed	5.2.2.1	6bp7A	unit	275	322
RepeatsDB-lite 2.0 UniProt map reviewed	5.2.2.1	6bp7A	unit	218	274
RepeatsDB-lite 2.0 UniProt map reviewed	5.2.2.1	6bp7A	unit	323	380
RepeatsDB-lite 2.0 UniProt map reviewed	5.2.2.1	6bp7A	unit	7	52
RepeatsDB-lite 2.0 UniProt map reviewed	5.2.2.1	6bp7A	unit	112	202
RepeatsDB-lite 2.0 UniProt map reviewed	5.2.2.1	6bp7A	unit	381	458
RepeatsDB-lite 2.0 UniProt map reviewed	5.2.2.1	6bp7A	unit	459	545
RepeatsDB-lite 2.0 UniProt map reviewed	5.2.2.1	6bp7A	unit	546	641
RepeatsDB-lite 2.0 UniProt map reviewed	5.2.2.1	6bp7A	insertion	203	217
RepeatsDB-lite 2.0 UniProt map reviewed	2.2.0.0	6bp7A	unit	695	717
RepeatsDB-lite 2.0 UniProt map reviewed	2.2.0.0	6bp7A	unit	671	694
RepeatsDB-lite 2.0 UniProt map reviewed	5.2.2.1	6bp7A	insertion	564	613
RepeatsDB-lite 2.0 UniProt map reviewed	2.2.0.0	6bp7A	unit	647	670
RepeatsDB-lite 2.0 UniProt map reviewed	2.2.0.0	6bp7A	unit	718	740
RepeatsDB-lite 2.0 UniProt map reviewed	2.2.0.0	6bp7A	unit	788	803
RepeatsDB-lite 2.0 UniProt map reviewed	5.2.2.1	6bp7A	insertion	498	513
RepeatsDB-lite 2.0 UniProt map reviewed	2.2.0.0	6bp7A	unit	741	764
RepeatsDB-lite 2.0 UniProt map reviewed	2.2.0.0	6bp7A	unit	765	787
RepeatsDB-lite 2.0 UniProt map reviewed	5.2.2.1	6bp8A	unit	213	277
RepeatsDB-lite 2.0 UniProt map reviewed	5.2.2.1	6bp8A	unit	59	163
RepeatsDB-lite 2.0 UniProt map reviewed	5.2.2.1	6bp8A	unit	5	48
RepeatsDB-lite 2.0 UniProt map reviewed	5.2.2.1	6bp8A	unit	278	378
RepeatsDB-lite 2.0 UniProt map reviewed	5.2.2.1	6bp8A	unit	417	516
RepeatsDB-lite 2.0 UniProt map reviewed	5.2.2.1	6bp8A	insertion	49	58
RepeatsDB-lite 2.0 UniProt map reviewed	5.2.2.1	6bp8A	insertion	379	416
RepeatsDB-lite 2.0 UniProt map reviewed	5.2.2.1	6bp8A	insertion	164	212
RepeatsDB-lite 2.0 UniProt map reviewed	2.2.0.0	6bp8A	unit	718	740
RepeatsDB-lite 2.0 UniProt map reviewed	2.2.0.0	6bp8A	unit	647	670
RepeatsDB-lite 2.0 UniProt map reviewed	5.2.2.1	6bp8A	insertion	478	496
RepeatsDB-lite 2.0 UniProt map reviewed	2.2.0.0	6bp8A	unit	671	694
RepeatsDB-lite 2.0 UniProt map reviewed	2.2.0.0	6bp8A	unit	695	717
RepeatsDB-lite 2.0 UniProt map reviewed	2.2.0.0	6bp8A	unit	741	764
RepeatsDB-lite 2.0 UniProt map reviewed	2.2.0.0	6bp8A	unit	765	787
RepeatsDB-lite 2.0 UniProt map reviewed	2.2.0.0	6bp8A	unit	788	803
RepeatsDB-lite 2.0 UniProt map reviewed	2.2.0.0	6exnt	unit	78	99
RepeatsDB-lite 2.0 UniProt map reviewed	2.2.0.0	6exnt	unit	100	119
RepeatsDB-lite 2.0 UniProt map reviewed	2.2.0.0	6exnt	unit	120	140
RepeatsDB-lite 2.0 UniProt map reviewed	2.2.0.0	6exnv	unit	99	117
RepeatsDB-lite 2.0 UniProt map reviewed	2.2.0.0	6exnv	unit	77	98
RepeatsDB-lite 2.0 UniProt map reviewed	2.2.0.0	6exnv	unit	118	139
Reviewed	2.2.0.0	6ff7G	unit	91	109
Reviewed	2.2.0.0	6ff7G	unit	70	90
Reviewed	2.2.0.0	6ff7G	unit	110	134
RepeatsDB-lite 2.0 UniProt map reviewed	2.2.0.0	6ff7J	unit	91	109
RepeatsDB-lite 2.0 UniProt map reviewed	2.2.0.0	6ff7J	unit	70	90
RepeatsDB-lite 2.0 UniProt map reviewed	2.2.0.0	6ff7J	unit	110	133
RepeatsDB-lite 2.0 UniProt map unreviewed	2.2.0.0	6gajA	unit	45	60
RepeatsDB-lite 2.0 UniProt map unreviewed	2.2.0.0	6gajA	unit	73	89
RepeatsDB-lite 2.0 UniProt map unreviewed	2.2.0.0	6gajA	unit	122	138
RepeatsDB-lite 2.0 UniProt map unreviewed	2.2.0.0	6gajA	unit	139	154
RepeatsDB-lite 2.0 UniProt map unreviewed	2.2.0.0	6gajA	insertion	61	72
RepeatsDB-lite 2.0 UniProt map unreviewed	2.2.0.0	6gajA	unit	107	121
RepeatsDB-lite 2.0 UniProt map unreviewed	2.2.0.0	6gajA	unit	29	44
RepeatsDB-lite 2.0 UniProt map unreviewed	2.2.0.0	6gajA	unit	90	106
RepeatsDB-lite 2.0 UniProt map unreviewed	2.2.0.0	6gajB	unit	43	57
RepeatsDB-lite 2.0 UniProt map unreviewed	2.2.0.0	6gajB	unit	87	105
RepeatsDB-lite 2.0 UniProt map unreviewed	2.2.0.0	6gajB	unit	127	144
RepeatsDB-lite 2.0 UniProt map unreviewed	2.2.0.0	6gajB	unit	106	126
RepeatsDB-lite 2.0 UniProt map unreviewed	2.2.0.0	6gajB	insertion	58	70
RepeatsDB-lite 2.0 UniProt map unreviewed	2.2.0.0	6gajB	unit	28	42
RepeatsDB-lite 2.0 UniProt map unreviewed	2.2.0.0	6gajB	unit	71	86
RepeatsDB-lite 2.0 UniProt map unreviewed	2.2.0.0	6gajB	unit	145	157
RepeatsDB-lite 2.0 UniProt map unreviewed	2.2.0.0	6gajC	unit	35	49
RepeatsDB-lite 2.0 UniProt map unreviewed	2.2.0.0	6gajC	unit	125	141
RepeatsDB-lite 2.0 UniProt map unreviewed	2.2.0.0	6gajC	unit	60	76
RepeatsDB-lite 2.0 UniProt map unreviewed	2.2.0.0	6gajC	unit	108	124
RepeatsDB-lite 2.0 UniProt map unreviewed	2.2.0.0	6gajC	unit	94	107
RepeatsDB-lite 2.0 UniProt map unreviewed	2.2.0.0	6gajC	unit	77	93
RepeatsDB-lite 2.0 UniProt map unreviewed	2.2.0.0	6gajC	unit	142	157
RepeatsDB-lite 2.0 UniProt map unreviewed	2.2.0.0	6gajC	insertion	50	59
RepeatsDB-lite 2.0 UniProt map unreviewed	2.2.0.0	6gakA	unit	139	154
RepeatsDB-lite 2.0 UniProt map unreviewed	2.2.0.0	6gakA	unit	107	123
RepeatsDB-lite 2.0 UniProt map unreviewed	2.2.0.0	6gakA	unit	90	106
RepeatsDB-lite 2.0 UniProt map unreviewed	2.2.0.0	6gakA	unit	124	138
RepeatsDB-lite 2.0 UniProt map unreviewed	2.2.0.0	6gakA	unit	35	52
RepeatsDB-lite 2.0 UniProt map unreviewed	2.2.0.0	6gakA	unit	53	72
RepeatsDB-lite 2.0 UniProt map unreviewed	2.2.0.0	6gakA	unit	73	89
RepeatsDB-lite 2.0 UniProt map unreviewed	2.2.0.0	6gakB	unit	31	48
RepeatsDB-lite 2.0 UniProt map unreviewed	2.2.0.0	6gakB	unit	125	138
RepeatsDB-lite 2.0 UniProt map unreviewed	2.2.0.0	6gakB	unit	90	106
RepeatsDB-lite 2.0 UniProt map unreviewed	2.2.0.0	6gakB	unit	49	70
RepeatsDB-lite 2.0 UniProt map unreviewed	2.2.0.0	6gakB	unit	107	124
RepeatsDB-lite 2.0 UniProt map unreviewed	2.2.0.0	6gakB	unit	139	154
RepeatsDB-lite 2.0 UniProt map unreviewed	2.2.0.0	6gakB	unit	71	89
RepeatsDB-lite 2.0 UniProt map unreviewed	2.2.0.0	6gakC	unit	69	88
RepeatsDB-lite 2.0 UniProt map unreviewed	2.2.0.0	6gakC	unit	89	107
RepeatsDB-lite 2.0 UniProt map unreviewed	2.2.0.0	6gakC	unit	139	155
RepeatsDB-lite 2.0 UniProt map unreviewed	2.2.0.0	6gakC	unit	50	68
RepeatsDB-lite 2.0 UniProt map unreviewed	2.2.0.0	6gakC	unit	122	138
RepeatsDB-lite 2.0 UniProt map unreviewed	2.2.0.0	6gakC	unit	32	49
RepeatsDB-lite 2.0 UniProt map unreviewed	2.2.0.0	6gakC	unit	108	121
RepeatsDB-lite 2.0 UniProt map unreviewed	2.2.0.0	6gaoA	unit	57	74
RepeatsDB-lite 2.0 UniProt map unreviewed	2.2.0.0	6gaoA	unit	88	105
RepeatsDB-lite 2.0 UniProt map unreviewed	2.2.0.0	6gaoA	unit	39	56
RepeatsDB-lite 2.0 UniProt map unreviewed	2.2.0.0	6gaoA	unit	106	126
RepeatsDB-lite 2.0 UniProt map unreviewed	2.2.0.0	6gaoA	unit	161	177
RepeatsDB-lite 2.0 UniProt map unreviewed	2.2.0.0	6gaoA	unit	127	144
RepeatsDB-lite 2.0 UniProt map unreviewed	2.2.0.0	6gaoA	unit	145	160
RepeatsDB-lite 2.0 UniProt map unreviewed	3.4.0.0	6gaoA	unit	199	215
RepeatsDB-lite 2.0 UniProt map unreviewed	3.4.0.0	6gaoA	unit	216	233
RepeatsDB-lite 2.0 UniProt map unreviewed	2.2.0.0	6gaoA	insertion	75	87
RepeatsDB-lite 2.0 UniProt map unreviewed	3.4.0.0	6gaoA	unit	234	247
RepeatsDB-lite 2.0 UniProt map unreviewed	3.4.0.0	6gaoA	unit	186	198
RepeatsDB-lite 2.0 UniProt map unreviewed	2.2.0.0	6gaoB	unit	62	82
RepeatsDB-lite 2.0 UniProt map unreviewed	2.2.0.0	6gaoB	unit	28	43
RepeatsDB-lite 2.0 UniProt map unreviewed	2.2.0.0	6gaoB	unit	44	61
RepeatsDB-lite 2.0 UniProt map unreviewed	2.2.0.0	6gaoB	unit	106	126
RepeatsDB-lite 2.0 UniProt map unreviewed	2.2.0.0	6gaoB	unit	127	145
RepeatsDB-lite 2.0 UniProt map unreviewed	3.4.0.0	6gaoB	unit	233	247
RepeatsDB-lite 2.0 UniProt map unreviewed	2.2.0.0	6gaoB	unit	146	160
RepeatsDB-lite 2.0 UniProt map unreviewed	3.4.0.0	6gaoB	unit	199	215
RepeatsDB-lite 2.0 UniProt map unreviewed	2.2.0.0	6gaoB	unit	83	105
RepeatsDB-lite 2.0 UniProt map unreviewed	3.4.0.0	6gaoB	unit	186	198
RepeatsDB-lite 2.0 UniProt map unreviewed	3.4.0.0	6gaoB	unit	180	185
RepeatsDB-lite 2.0 UniProt map unreviewed	3.4.0.0	6gaoB	unit	216	232
RepeatsDB-lite 2.0 UniProt map unreviewed	2.2.0.0	6gaoB	unit	161	177
RepeatsDB-lite 2.0 UniProt map unreviewed	2.2.0.0	6gaoC	unit	35	50
RepeatsDB-lite 2.0 UniProt map unreviewed	2.2.0.0	6gaoC	unit	51	70
RepeatsDB-lite 2.0 UniProt map unreviewed	2.2.0.0	6gaoC	unit	71	89
RepeatsDB-lite 2.0 UniProt map unreviewed	2.2.0.0	6gaoC	unit	90	106
RepeatsDB-lite 2.0 UniProt map unreviewed	2.2.0.0	6gaoC	unit	127	144
RepeatsDB-lite 2.0 UniProt map unreviewed	3.4.0.0	6gaoC	unit	186	198
RepeatsDB-lite 2.0 UniProt map unreviewed	2.2.0.0	6gaoC	unit	145	160
RepeatsDB-lite 2.0 UniProt map unreviewed	2.2.0.0	6gaoC	unit	161	176
RepeatsDB-lite 2.0 UniProt map unreviewed	3.4.0.0	6gaoC	unit	199	215
RepeatsDB-lite 2.0 UniProt map unreviewed	3.4.0.0	6gaoC	unit	216	233
RepeatsDB-lite 2.0 UniProt map unreviewed	2.2.0.0	6gaoC	unit	107	126
RepeatsDB-lite 2.0 UniProt map unreviewed	3.4.0.0	6gaoC	unit	234	247
Reviewed	3.4.0.0	6gapA	unit	206	222
Reviewed	2.2.0.0	6gapA	unit	150	167
Reviewed	2.2.0.0	6gapA	unit	131	149
Reviewed	2.2.0.0	6gapA	unit	76	93
Reviewed	3.4.0.0	6gapA	unit	189	205
Reviewed	2.2.0.0	6gapA	unit	111	130
Reviewed	3.4.0.0	6gapA	unit	175	188
Reviewed	2.2.0.0	6gapA	unit	42	58
Reviewed	2.2.0.0	6gapA	unit	27	41
Reviewed	3.4.0.0	6gapA	unit	223	237
Reviewed	2.2.0.0	6gapA	unit	59	75
Reviewed	2.2.0.0	6gapA	unit	94	110
Reviewed	2.2.0.0	6gapB	unit	94	111
Reviewed	2.2.0.0	6gapB	unit	76	93
Reviewed	3.4.0.0	6gapB	unit	221	234
Reviewed	3.4.0.0	6gapB	unit	176	188
Reviewed	2.2.0.0	6gapB	unit	27	41
Reviewed	3.4.0.0	6gapB	unit	205	220
Reviewed	2.2.0.0	6gapB	unit	112	130
Reviewed	3.4.0.0	6gapB	unit	189	204
Reviewed	2.2.0.0	6gapB	unit	59	75
Reviewed	2.2.0.0	6gapB	unit	131	149
Reviewed	2.2.0.0	6gapB	unit	42	58
Reviewed	2.2.0.0	6gapB	unit	150	167
Reviewed	2.2.0.0	6gapC	unit	76	93
Reviewed	2.2.0.0	6gapC	unit	59	75
Reviewed	2.2.0.0	6gapC	unit	27	41
Reviewed	2.2.0.0	6gapC	unit	94	107
Reviewed	2.2.0.0	6gapC	unit	139	154
Reviewed	2.2.0.0	6gapC	unit	124	138
Reviewed	2.2.0.0	6gapC	unit	108	123
Reviewed	2.2.0.0	6gapC	unit	42	58
Reviewed	2.2.0.0	6gapC	unit	155	167
Reviewed	3.4.0.0	6gapC	unit	176	188
Reviewed	3.4.0.0	6gapC	unit	205	220
Reviewed	3.4.0.0	6gapC	unit	221	234
Reviewed	3.4.0.0	6gapC	unit	189	204
RepeatsDB-lite 2.0 UniProt map reviewed	2.2.0.0	6iczq	unit	91	109
RepeatsDB-lite 2.0 UniProt map reviewed	2.2.0.0	6iczq	unit	70	90
RepeatsDB-lite 2.0 UniProt map reviewed	2.2.0.0	6iczq	unit	110	133
RepeatsDB-lite 2.0 UniProt map reviewed	2.2.0.0	6iczr	unit	91	109
RepeatsDB-lite 2.0 UniProt map reviewed	2.2.0.0	6iczr	unit	110	133
RepeatsDB-lite 2.0 UniProt map reviewed	2.2.0.0	6iczr	unit	70	90
RepeatsDB-lite 2.0 UniProt map reviewed	2.2.0.0	6id1q	unit	70	90
RepeatsDB-lite 2.0 UniProt map reviewed	2.2.0.0	6id1q	unit	91	109
RepeatsDB-lite 2.0 UniProt map reviewed	2.2.0.0	6id1q	unit	110	133
RepeatsDB-lite 2.0 UniProt map reviewed	2.2.0.0	6j6go	unit	77	98
RepeatsDB-lite 2.0 UniProt map reviewed	2.2.0.0	6j6go	unit	118	140
RepeatsDB-lite 2.0 UniProt map reviewed	2.2.0.0	6j6go	unit	99	117
RepeatsDB-lite 2.0 UniProt map reviewed	2.2.0.0	6j6gp	unit	77	98
RepeatsDB-lite 2.0 UniProt map reviewed	2.2.0.0	6j6gp	unit	99	117
RepeatsDB-lite 2.0 UniProt map reviewed	2.2.0.0	6j6gp	unit	118	139
RepeatsDB-lite 2.0 UniProt map reviewed	2.2.0.0	6j6gq	unit	76	98
RepeatsDB-lite 2.0 UniProt map reviewed	2.2.0.0	6j6gq	unit	99	121
RepeatsDB-lite 2.0 UniProt map reviewed	2.2.0.0	6j6gq	unit	122	143
RepeatsDB-lite 2.0 UniProt map reviewed	2.2.0.0	6j6no	unit	118	140
RepeatsDB-lite 2.0 UniProt map reviewed	2.2.0.0	6j6no	unit	77	98
RepeatsDB-lite 2.0 UniProt map reviewed	2.2.0.0	6j6no	unit	99	117
RepeatsDB-lite 2.0 UniProt map reviewed	2.2.0.0	6j6np	unit	77	98
RepeatsDB-lite 2.0 UniProt map reviewed	2.2.0.0	6j6np	unit	99	120
RepeatsDB-lite 2.0 UniProt map reviewed	2.2.0.0	6j6np	unit	121	142
RepeatsDB-lite 2.0 UniProt map reviewed	2.2.0.0	6j6nq	unit	76	98
RepeatsDB-lite 2.0 UniProt map reviewed	2.2.0.0	6j6nq	unit	99	121
RepeatsDB-lite 2.0 UniProt map reviewed	2.2.0.0	6j6nq	unit	122	143
RepeatsDB-lite 2.0 UniProt map reviewed	2.2.0.0	6j6qo	unit	99	117
RepeatsDB-lite 2.0 UniProt map reviewed	2.2.0.0	6j6qo	unit	118	140
RepeatsDB-lite 2.0 UniProt map reviewed	2.2.0.0	6j6qo	unit	77	98
RepeatsDB-lite 2.0 UniProt map reviewed	2.2.0.0	6j6qp	unit	77	98
RepeatsDB-lite 2.0 UniProt map reviewed	2.2.0.0	6j6qp	unit	121	142
RepeatsDB-lite 2.0 UniProt map reviewed	2.2.0.0	6j6qp	unit	99	120
RepeatsDB-lite 2.0 UniProt map reviewed	2.2.0.0	6j6qq	unit	76	98
RepeatsDB-lite 2.0 UniProt map reviewed	2.2.0.0	6j6qq	unit	99	121
RepeatsDB-lite 2.0 UniProt map reviewed	2.2.0.0	6j6qq	unit	122	143
Reviewed	2.2.0.0	6j9rA	unit	8	27
Reviewed	2.2.0.0	6j9rA	unit	35	56
Reviewed	2.2.0.0	6j9rA	unit	80	105
Reviewed	2.2.0.0	6j9rA	insertion	28	34
Reviewed	2.2.0.0	6j9rA	unit	57	79
Reviewed	2.2.0.0	6j9rB	insertion	28	34
Reviewed	2.2.0.0	6j9rB	unit	80	105
Reviewed	2.2.0.0	6j9rB	unit	8	27
Reviewed	2.2.0.0	6j9rB	unit	35	56
Reviewed	2.2.0.0	6j9rB	unit	57	79
Reviewed	2.2.0.0	6n8tA	unit	458	478
Reviewed	2.2.0.0	6n8tA	unit	437	457
Reviewed	2.2.0.0	6n8tA	unit	479	497
RepeatsDB-lite 2.0 UniProt map reviewed	2.2.0.0	6qp4A	unit	394	409
RepeatsDB-lite 2.0 UniProt map reviewed	2.2.0.0	6qp4A	unit	410	423
RepeatsDB-lite 2.0 UniProt map reviewed	2.2.0.0	6qp4A	unit	361	377
RepeatsDB-lite 2.0 UniProt map reviewed	2.2.0.0	6qp4A	unit	343	360
RepeatsDB-lite 2.0 UniProt map reviewed	2.2.0.0	6qp4A	unit	440	453
RepeatsDB-lite 2.0 UniProt map reviewed	2.2.0.0	6qp4A	unit	424	439
RepeatsDB-lite 2.0 UniProt map reviewed	2.2.0.0	6qp4A	unit	318	342
RepeatsDB-lite 2.0 UniProt map reviewed	2.2.0.0	6qp4A	unit	378	393
RepeatsDB-lite 2.0 UniProt map reviewed	2.2.0.0	6qp4B	unit	318	342
RepeatsDB-lite 2.0 UniProt map reviewed	2.2.0.0	6qp4B	unit	343	359
RepeatsDB-lite 2.0 UniProt map reviewed	2.2.0.0	6qp4B	unit	360	377
RepeatsDB-lite 2.0 UniProt map reviewed	2.2.0.0	6qp4B	unit	425	439
RepeatsDB-lite 2.0 UniProt map reviewed	2.2.0.0	6qp4B	unit	396	412
RepeatsDB-lite 2.0 UniProt map reviewed	2.2.0.0	6qp4B	unit	440	451
RepeatsDB-lite 2.0 UniProt map reviewed	2.2.0.0	6qp4B	insertion	413	424
RepeatsDB-lite 2.0 UniProt map reviewed	2.2.0.0	6qp4B	unit	378	395
RepeatsDB-lite 2.0 UniProt map reviewed	2.2.0.0	6qp4C	unit	407	423
RepeatsDB-lite 2.0 UniProt map reviewed	2.2.0.0	6qp4C	unit	389	406
RepeatsDB-lite 2.0 UniProt map reviewed	2.2.0.0	6qp4C	unit	348	366
RepeatsDB-lite 2.0 UniProt map reviewed	2.2.0.0	6qp4C	unit	335	347
RepeatsDB-lite 2.0 UniProt map reviewed	2.2.0.0	6qp4C	unit	424	439
RepeatsDB-lite 2.0 UniProt map reviewed	2.2.0.0	6qp4C	unit	440	451
RepeatsDB-lite 2.0 UniProt map reviewed	2.2.0.0	6qp4C	unit	367	388